<?xml version='1.0' encoding='UTF-8'?>
<types:mule xmlns:types="http://www.mulesoft.org/schema/mule/types">
  <types:catalog>
    <types:type name="tt" format="copybook">
      <types:shape format="copybook" element="WH-DETAILS" location="schemas/whdetails.ffd"/>
    </types:type>
    <types:type name="schemaa" format="copybook">
      <types:shape format="copybook" element="WH-DETAILS" location="schemas/whdetails-1.ffd"/>
    </types:type>
    <types:type name="auto_a6a0b932-1731-4572-901f-36c92d21f7ab_Input-Payload" format="json">
      <types:shape format="json-schema" location="schemas/whdetails.ffd" autogeneratedOrigin="3dca6740-fd40-44e0-bc4c-6325d7b66de0"/>
    </types:type>
    <types:type name="schemar" format="copybook">
      <types:shape format="copybook" element="FILE-DETAILS" location="schemas/CB.cpy"/>
    </types:type>
    <types:type name="s" format="copybook">
      <types:shape format="copybook" element="FILE-DETAILS" location="schemas/CB.FFD"/>
    </types:type>
  </types:catalog>
  <types:enrichment select="#e07f72d7-5409-4c3b-acf6-2932e036f2a8">
    <types:processor-declaration>
      <types:input-event>
        <types:message>
          <types:payload type="schemaa"/>
        </types:message>
      </types:input-event>
      <types:output-event>
        <types:message>
          <types:payload type="schemaa"/>
        </types:message>
      </types:output-event>
    </types:processor-declaration>
  </types:enrichment>
  <types:enrichment select="#e85dd8e2-1ad1-47c9-a958-3049f0826e57">
    <types:processor-declaration>
      <types:input-event>
        <types:message>
          <types:payload type="tt"/>
        </types:message>
      </types:input-event>
      <types:output-event>
        <types:message>
          <types:payload type="tt"/>
        </types:message>
      </types:output-event>
    </types:processor-declaration>
  </types:enrichment>
  <types:enrichment select="#a6a0b932-1731-4572-901f-36c92d21f7ab">
    <types:processor-declaration>
      <types:input-event>
        <types:message>
          <types:payload type="auto_a6a0b932-1731-4572-901f-36c92d21f7ab_Input-Payload"/>
        </types:message>
      </types:input-event>
    </types:processor-declaration>
  </types:enrichment>
  <types:enrichment select="#c1991dbb-9d3e-4012-88b3-4c1b77c56e60">
    <types:processor-declaration>
      <types:input-event>
        <types:message>
          <types:attributes type="s"/>
        </types:message>
      </types:input-event>
      <types:output-event>
        <types:message>
          <types:payload type="schemar"/>
        </types:message>
      </types:output-event>
    </types:processor-declaration>
  </types:enrichment>
</types:mule>